feature,importance
worst radius,0.7516070155130679
worst concave points,0.12368427103819636
texture error,0.04640630217379443
worst texture,0.04092548403753383
worst concavity,0.017394159550570335
worst smoothness,0.010506401336100996
area error,0.007420357712216994
worst area,0.0020560086385192316
mean compactness,0.0
mean smoothness,0.0
mean perimeter,0.0
mean area,0.0
mean radius,0.0
mean texture,0.0
perimeter error,0.0
radius error,0.0
mean symmetry,0.0
mean fractal dimension,0.0
mean concave points,0.0
mean concavity,0.0
smoothness error,0.0
compactness error,0.0
symmetry error,0.0
fractal dimension error,0.0
concavity error,0.0
concave points error,0.0
worst compactness,0.0
worst perimeter,0.0
worst symmetry,0.0
worst fractal dimension,0.0
