mean_fit_time,std_fit_time,mean_score_time,std_score_time,param_model__C,param_model__gamma,param_model__kernel,params,split0_test_score,split1_test_score,split2_test_score,split3_test_score,split4_test_score,mean_test_score,std_test_score,rank_test_score,split0_train_score,split1_train_score,split2_train_score,split3_train_score,split4_train_score,mean_train_score,std_train_score
0.09280533790588379,0.02489413909887905,0.010270929336547852,0.001796243825576939,0.1,scale,linear,"{'model__C': 0.1, 'model__gamma': 'scale', 'model__kernel': 'linear'}",0.9560439560439561,0.978021978021978,0.978021978021978,0.978021978021978,0.989010989010989,0.9758241758241759,0.010766987880365607,1,0.9862637362637363,0.9835164835164835,0.9862637362637363,0.9862637362637363,0.9862637362637363,0.9857142857142858,0.0010989010989011394
0.07165627479553223,0.04753671160077308,0.009107255935668945,0.0011063077481531355,0.1,scale,rbf,"{'model__C': 0.1, 'model__gamma': 'scale', 'model__kernel': 'rbf'}",0.9230769230769231,0.9560439560439561,0.9230769230769231,0.9560439560439561,0.9560439560439561,0.9428571428571428,0.016150481820548422,11,0.9560439560439561,0.9587912087912088,0.9587912087912088,0.9560439560439561,0.9505494505494505,0.956043956043956,0.003009464601676767
0.011754941940307618,0.0014514700214915484,0.005450153350830078,0.0010547089152864854,0.1,auto,linear,"{'model__C': 0.1, 'model__gamma': 'auto', 'model__kernel': 'linear'}",0.9560439560439561,0.978021978021978,0.978021978021978,0.978021978021978,0.989010989010989,0.9758241758241759,0.010766987880365607,1,0.9862637362637363,0.9835164835164835,0.9862637362637363,0.9862637362637363,0.9862637362637363,0.9857142857142858,0.0010989010989011394
0.013750886917114258,0.0009777516523371405,0.007174253463745117,0.001074096068761733,0.1,auto,rbf,"{'model__C': 0.1, 'model__gamma': 'auto', 'model__kernel': 'rbf'}",0.9230769230769231,0.9560439560439561,0.9230769230769231,0.9560439560439561,0.9560439560439561,0.9428571428571428,0.016150481820548422,11,0.9560439560439561,0.9587912087912088,0.9587912087912088,0.9560439560439561,0.9505494505494505,0.956043956043956,0.003009464601676767
0.012443113327026366,0.0014738499194431923,0.007439517974853515,0.002591802685510117,1.0,scale,linear,"{'model__C': 1, 'model__gamma': 'scale', 'model__kernel': 'linear'}",0.9340659340659341,0.967032967032967,0.967032967032967,0.978021978021978,0.978021978021978,0.9648351648351647,0.01615048182054841,7,0.989010989010989,0.9917582417582418,0.9917582417582418,0.9862637362637363,0.989010989010989,0.9895604395604396,0.002055855707018642
0.012697315216064453,0.0013222856603150963,0.007214498519897461,0.000540539275268835,1.0,scale,rbf,"{'model__C': 1, 'model__gamma': 'scale', 'model__kernel': 'rbf'}",0.945054945054945,0.978021978021978,0.967032967032967,0.967032967032967,0.989010989010989,0.9692307692307693,0.014578570507056717,3,0.989010989010989,0.9807692307692307,0.9807692307692307,0.989010989010989,0.9862637362637363,0.9851648351648352,0.0037265549357831536
0.01236429214477539,0.0007642832722943848,0.005892515182495117,0.0005469346108754342,1.0,auto,linear,"{'model__C': 1, 'model__gamma': 'auto', 'model__kernel': 'linear'}",0.9340659340659341,0.967032967032967,0.967032967032967,0.978021978021978,0.978021978021978,0.9648351648351647,0.01615048182054841,7,0.989010989010989,0.9917582417582418,0.9917582417582418,0.9862637362637363,0.989010989010989,0.9895604395604396,0.002055855707018642
0.011861181259155274,0.0003372930347813523,0.006621742248535156,0.0009669517078677594,1.0,auto,rbf,"{'model__C': 1, 'model__gamma': 'auto', 'model__kernel': 'rbf'}",0.945054945054945,0.978021978021978,0.967032967032967,0.967032967032967,0.989010989010989,0.9692307692307693,0.014578570507056717,3,0.989010989010989,0.9807692307692307,0.9807692307692307,0.989010989010989,0.9862637362637363,0.9851648351648352,0.0037265549357831536
0.014994621276855469,0.002484531599639527,0.005860042572021484,0.0012118741880837451,10.0,scale,linear,"{'model__C': 10, 'model__gamma': 'scale', 'model__kernel': 'linear'}",0.945054945054945,0.989010989010989,0.9340659340659341,0.978021978021978,0.978021978021978,0.9648351648351647,0.021308482889742106,7,0.9972527472527473,0.989010989010989,0.9917582417582418,0.9972527472527473,0.9917582417582418,0.9934065934065934,0.003296703296703285
0.013734245300292968,0.0028798679535911717,0.006872940063476563,0.00100166124793968,10.0,scale,rbf,"{'model__C': 10, 'model__gamma': 'scale', 'model__kernel': 'rbf'}",0.9560439560439561,0.967032967032967,0.9560439560439561,0.978021978021978,0.989010989010989,0.9692307692307693,0.01281527888976988,3,0.9945054945054945,0.9917582417582418,0.9972527472527473,1.0,0.9945054945054945,0.9956043956043956,0.0028016590734026192
0.015874958038330077,0.0024866435965775627,0.006697845458984375,0.001671587071481434,10.0,auto,linear,"{'model__C': 10, 'model__gamma': 'auto', 'model__kernel': 'linear'}",0.945054945054945,0.989010989010989,0.9340659340659341,0.978021978021978,0.978021978021978,0.9648351648351647,0.021308482889742106,7,0.9972527472527473,0.989010989010989,0.9917582417582418,0.9972527472527473,0.9917582417582418,0.9934065934065934,0.003296703296703285
0.012213325500488282,0.0015358339474408195,0.007588863372802734,0.0008080546413615796,10.0,auto,rbf,"{'model__C': 10, 'model__gamma': 'auto', 'model__kernel': 'rbf'}",0.9560439560439561,0.967032967032967,0.9560439560439561,0.978021978021978,0.989010989010989,0.9692307692307693,0.01281527888976988,3,0.9945054945054945,0.9917582417582418,0.9972527472527473,1.0,0.9945054945054945,0.9956043956043956,0.0028016590734026192
