feature,importance_mean,importance_std
radius error,0.02982456140350871,0.011898824531798701
mean concave points,0.02631578947368418,0.00960916767552926
mean concavity,0.024561403508771895,0.010229740166395296
worst smoothness,0.024561403508771895,0.0035087719298245723
worst texture,0.024561403508771874,0.015091798714109875
worst radius,0.02280701754385963,0.013128622409733129
area error,0.02280701754385961,0.008945648269461055
worst area,0.021052631578947344,0.011898824531798713
worst concavity,0.021052631578947323,0.008945648269461055
worst perimeter,0.019298245614035058,0.011637279966159297
worst concave points,0.019298245614035058,0.011637279966159297
worst fractal dimension,0.019298245614035037,0.006564311204866584
mean area,0.01754385964912277,0.00960916767552922
perimeter error,0.01754385964912275,0.00960916767552926
worst symmetry,0.014035087719298178,0.004297350425935414
mean radius,0.012280701754385937,0.010526315789473667
mean perimeter,0.012280701754385937,0.010526315789473667
smoothness error,0.010526315789473628,0.006564311204866549
texture error,0.010526315789473628,0.006564311204866549
mean texture,0.010526315789473628,0.0085947008518708
compactness error,0.010526315789473606,0.0035087719298245723
mean compactness,0.008771929824561342,0.0055478555441550335
mean smoothness,0.007017543859649056,0.003508771929824528
symmetry error,0.007017543859649056,0.003508771929824528
mean symmetry,0.005263157894736792,0.004297350425935359
mean fractal dimension,0.005263157894736792,0.004297350425935359
concave points error,0.005263157894736792,0.004297350425935359
fractal dimension error,0.001754385964912264,0.003508771929824528
concavity error,0.0,0.0
worst compactness,0.0,0.0
